Workbook

Sheet int_data
A1: date | B1: yyyy-mm | C1: closes_alior | D1: closes_ing
A2: 44927 | B2: =_xlfn.CONCAT(YEAR(int_data[[#This Row],[date]]),"-",MONTH(int_data[[#This Row],[date]])) -> 2023-1 | C2: 30.16 | D2: 137.35
A3: 44928 | B3: =_xlfn.CONCAT(YEAR(int_data[[#This Row],[date]]),"-",MONTH(int_data[[#This Row],[date]])) -> 2023-1 | C3: 30.16 | D3: 137.35
A4: 44929 | B4: =_xlfn.CONCAT(YEAR(int_data[[#This Row],[date]]),"-",MONTH(int_data[[#This Row],[date]])) -> 2023-1 | C4: 33.37 | D4: 142.71
A5: 44930 | B5: =_xlfn.CONCAT(YEAR(int_data[[#This Row],[date]]),"-",MONTH(int_data[[#This Row],[date]])) -> 2023-1 | C5: 35.68 | D5: 148.06
A6: 44931 | B6: =_xlfn.CONCAT(YEAR(int_data[[#This Row],[date]]),"-",MONTH(int_data[[#This Row],[date]])) -> 2023-1 | C6: 36.27 | D6: 149.23
A7: 44932 | B7: =_xlfn.CONCAT(YEAR(int_data[[#This Row],[date]]),"-",MONTH(int_data[[#This Row],[date]])) -> 2023-1 | C7: 37.34 | D7: 152.74
A8: 44933 | B8: =_xlfn.CONCAT(YEAR(int_data[[#This Row],[date]]),"-",MONTH(int_data[[#This Row],[date]])) -> 2023-1 | C8: 37.8 | D8: 151.41
A9: 44934 | B9: =_xlfn.CONCAT(YEAR(int_data[[#This Row],[date]]),"-",MONTH(int_data[[#This Row],[date]])) -> 2023-1 | C9: 37.03 | D9: 150.57
A10: 44935 | B10: =_xlfn.CONCAT(YEAR(int_data[[#This Row],[date]]),"-",MONTH(int_data[[#This Row],[date]])) -> 2023-1 | C10: 36.26 | D10: 149.73
A11: 44936 | B11: =_xlfn.CONCAT(YEAR(int_data[[#This Row],[date]]),"-",MONTH(int_data[[#This Row],[date]])) -> 2023-1 | C11: 36.87 | D11: 152.24
A12: 44937 | B12: =_xlfn.CONCAT(YEAR(int_data[[#This Row],[date]]),"-",MONTH(int_data[[#This Row],[date]])) -> 2023-1 | C12: 36.73 | D12: 150.985
A13: 44938 | B13: =_xlfn.CONCAT(YEAR(int_data[[#This Row],[date]]),"-",MONTH(int_data[[#This Row],[date]])) -> 2023-1 | C13: 36.59 | D13: 149.73
... A732: 45657 | B732: =_xlfn.CONCAT(YEAR(int_data[[#This Row],[date]]),"-",MONTH(int_data[[#This Row],[date]])) -> 2024-12 | C732: 78.13 | D732: 223.53

Sheet alior
A1: date | B1: average | C1: return
A2: 2023-1 | B2: =AVERAGEIF(int_data!B:B,alior[[#This Row],[date]],int_data!C:C) -> 34.88
A3: 2023-2 | B3: =AVERAGEIF(int_data!B:B,alior[[#This Row],[date]],int_data!C:C) -> 34.5425 | C3: =(alior[[#This Row],[average]]-B2)/B2 -> -0.0096760321
A4: 2023-3 | B4: =AVERAGEIF(int_data!B:B,alior[[#This Row],[date]],int_data!C:C) -> 33.437419 | C4: =(alior[[#This Row],[average]]-B3)/B3 -> -0.031991913
A5: 2023-4 | B5: =AVERAGEIF(int_data!B:B,alior[[#This Row],[date]],int_data!C:C) -> 37.778833 | C5: =(alior[[#This Row],[average]]-B4)/B4 -> 0.12983699
A6: 2023-5 | B6: =AVERAGEIF(int_data!B:B,alior[[#This Row],[date]],int_data!C:C) -> 39.18 | C6: =(alior[[#This Row],[average]]-B5)/B5 -> 0.03708867
A7: 2023-6 | B7: =AVERAGEIF(int_data!B:B,alior[[#This Row],[date]],int_data!C:C) -> 46.8405 | C7: =(alior[[#This Row],[average]]-B6)/B6 -> 0.19552067
A8: 2023-7 | B8: =AVERAGEIF(int_data!B:B,alior[[#This Row],[date]],int_data!C:C) -> 48.563548 | C8: =(alior[[#This Row],[average]]-B7)/B7 -> 0.03678544
A9: 2023-8 | B9: =AVERAGEIF(int_data!B:B,alior[[#This Row],[date]],int_data!C:C) -> 44.755161 | C9: =(alior[[#This Row],[average]]-B8)/B8 -> -0.078420693
A10: 2023-9 | B10: =AVERAGEIF(int_data!B:B,alior[[#This Row],[date]],int_data!C:C) -> 56.790667 | C10: =(alior[[#This Row],[average]]-B9)/B9 -> 0.26891882
A11: 2023-10 | B11: =AVERAGEIF(int_data!B:B,alior[[#This Row],[date]],int_data!C:C) -> 65.765484 | C11: =(alior[[#This Row],[average]]-B10)/B10 -> 0.15803331
A12: 2023-11 | B12: =AVERAGEIF(int_data!B:B,alior[[#This Row],[date]],int_data!C:C) -> 63.627333 | C12: =(alior[[#This Row],[average]]-B11)/B11 -> -0.032511743
A13: 2023-12 | B13: =AVERAGEIF(int_data!B:B,alior[[#This Row],[date]],int_data!C:C) -> 71.682903 | C13: =(alior[[#This Row],[average]]-B12)/B12 -> 0.12660549
A14: 2024-1 | B14: =AVERAGEIF(int_data!B:B,alior[[#This Row],[date]],int_data!C:C) -> 83.703387 | C14: =(alior[[#This Row],[average]]-B13)/B13 -> 0.16768969
... A25: 2024-12 | B25: =AVERAGEIF(int_data!B:B,alior[[#This Row],[date]],int_data!C:C) -> 80.552849 | C25: =(alior[[#This Row],[average]]-B24)/B24 -> -0.025612279

Sheet ing
A1: date | B1: average | C1: return
A2: 2023-1 | B2: =AVERAGEIF(int_data!B:B,ing[[#This Row],[date]],int_data!D:D) -> 145.51742
A3: 2023-2 | B3: =AVERAGEIF(int_data!B:B,ing[[#This Row],[date]],int_data!D:D) -> 141.82679 | C3: =(ing[[#This Row],[average]]-B2)/B2 -> -0.025362143
A4: 2023-3 | B4: =AVERAGEIF(int_data!B:B,ing[[#This Row],[date]],int_data!D:D) -> 136.56774 | C4: =(ing[[#This Row],[average]]-B3)/B3 -> -0.037080751
A5: 2023-4 | B5: =AVERAGEIF(int_data!B:B,ing[[#This Row],[date]],int_data!D:D) -> 138.63083 | C5: =(ing[[#This Row],[average]]-B4)/B4 -> 0.015106726
A6: 2023-5 | B6: =AVERAGEIF(int_data!B:B,ing[[#This Row],[date]],int_data!D:D) -> 144.50613 | C6: =(ing[[#This Row],[average]]-B5)/B5 -> 0.042380873
A7: 2023-6 | B7: =AVERAGEIF(int_data!B:B,ing[[#This Row],[date]],int_data!D:D) -> 162.77583 | C7: =(ing[[#This Row],[average]]-B6)/B6 -> 0.12642858
A8: 2023-7 | B8: =AVERAGEIF(int_data!B:B,ing[[#This Row],[date]],int_data!D:D) -> 162.07952 | C8: =(ing[[#This Row],[average]]-B7)/B7 -> -0.0042777677
A9: 2023-8 | B9: =AVERAGEIF(int_data!B:B,ing[[#This Row],[date]],int_data!D:D) -> 155.48065 | C9: =(ing[[#This Row],[average]]-B8)/B8 -> -0.040713787
A10: 2023-9 | B10: =AVERAGEIF(int_data!B:B,ing[[#This Row],[date]],int_data!D:D) -> 180.8995 | C10: =(ing[[#This Row],[average]]-B9)/B9 -> 0.16348565
A11: 2023-10 | B11: =AVERAGEIF(int_data!B:B,ing[[#This Row],[date]],int_data!D:D) -> 211.65258 | C11: =(ing[[#This Row],[average]]-B10)/B10 -> 0.17000092
A12: 2023-11 | B12: =AVERAGEIF(int_data!B:B,ing[[#This Row],[date]],int_data!D:D) -> 213.63467 | C12: =(ing[[#This Row],[average]]-B11)/B11 -> 0.0093648091
A13: 2023-12 | B13: =AVERAGEIF(int_data!B:B,ing[[#This Row],[date]],int_data!D:D) -> 240.31016 | C13: =(ing[[#This Row],[average]]-B12)/B12 -> 0.12486501
A14: 2024-1 | B14: =AVERAGEIF(int_data!B:B,ing[[#This Row],[date]],int_data!D:D) -> 272.00371 | C14: =(ing[[#This Row],[average]]-B13)/B13 -> 0.13188601
... A25: 2024-12 | B25: =AVERAGEIF(int_data!B:B,ing[[#This Row],[date]],int_data!D:D) -> 226.98774 | C25: =(ing[[#This Row],[average]]-B24)/B24 -> -0.0042934294
